dataset_file,column_name,data_type,total_rows,missing_count,missing_pct,unique_values,min_val,max_val,mean_val,median_val,std_val,is_coordinate,is_potential_target
diviner_benchmark_thermal_sites.csv,node_id,object,10,0,0.0,10,N/A,N/A,N/A,N/A,N/A,False,False
diviner_benchmark_thermal_sites.csv,name,object,10,0,0.0,10,N/A,N/A,N/A,N/A,N/A,False,False
diviner_benchmark_thermal_sites.csv,latitude_deg,float64,10,0,0.0,10,-89.9,14.1,-77.231,-87.27,32.133,True,False
diviner_benchmark_thermal_sites.csv,longitude_deg,float64,10,0,0.0,10,-88.3,76.98,1.788,6.45,51.084,True,False
diviner_benchmark_thermal_sites.csv,diviner_tmax_k,float64,10,0,0.0,10,88.0,290.0,176.3,216.5,76.223,False,False
diviner_benchmark_thermal_sites.csv,diviner_tmin_k,float64,10,0,0.0,10,35.0,265.0,126.5,155.0,81.691,False,False
diviner_benchmark_thermal_sites.csv,diviner_tavg_k,float64,10,0,0.0,10,48.0,277.0,147.75,191.5,85.85,False,False
diviner_benchmark_thermal_sites.csv,temp_range_k,float64,10,0,0.0,8,25.0,75.0,49.8,51.0,13.13,False,False
diviner_benchmark_thermal_sites.csv,cold_trap_flag,int64,10,0,0.0,2,0.0,1.0,0.4,0.0,0.516,False,False
diviner_benchmark_thermal_sites.csv,ice_stability_depth_cm,float64,10,0,0.0,7,0.0,999.0,106.5,7.0,313.701,False,False
diviner_benchmark_thermal_sites.csv,diviner_notes,object,10,0,0.0,10,N/A,N/A,N/A,N/A,N/A,False,False
diviner_lunar_thermal_dataset.csv,sample_id,object,5000,0,0.0,5000,N/A,N/A,N/A,N/A,N/A,False,False
diviner_lunar_thermal_dataset.csv,latitude_deg,float64,5000,0,0.0,4930,-90.0,79.64,-64.065,-83.335,43.014,True,False
diviner_lunar_thermal_dataset.csv,longitude_deg,float64,5000,0,0.0,4998,-179.981,179.822,-3.065,-5.05,102.822,True,False
diviner_lunar_thermal_dataset.csv,diviner_max_temp_k,float64,5000,0,0.0,1178,40.3,404.2,246.951,218.7,81.621,False,False
diviner_lunar_thermal_dataset.csv,diviner_min_temp_k,float64,5000,0,0.0,1224,25.2,190.0,137.692,141.9,34.778,False,False
diviner_lunar_thermal_dataset.csv,diviner_temp_range_k,float64,5000,0,0.0,1617,-23.4,320.2,109.259,65.1,100.586,False,False
diviner_lunar_thermal_dataset.csv,psr_cold_trap_flag,int64,5000,0,0.0,2,0.0,1.0,0.037,0.0,0.189,False,False
diviner_lunar_thermal_dataset.csv,ice_stability_depth_cm,float64,5000,0,0.0,2,0.0,999.0,962.037,999.0,188.592,False,False
lend_benchmark_polar_sites.csv,node_id,object,9,0,0.0,9,N/A,N/A,N/A,N/A,N/A,False,False
lend_benchmark_polar_sites.csv,name,object,9,0,0.0,9,N/A,N/A,N/A,N/A,N/A,False,False
lend_benchmark_polar_sites.csv,latitude_deg,float64,9,0,0.0,9,-89.9,14.1,-75.979,-87.14,33.823,True,False
lend_benchmark_polar_sites.csv,longitude_deg,float64,9,0,0.0,9,-56.8,76.98,11.798,12.9,42.527,True,False
lend_benchmark_polar_sites.csv,lend_epithermal_cps,float64,9,0,0.0,9,2.85,4.55,3.411,3.12,0.606,False,False
lend_benchmark_polar_sites.csv,neutron_suppression_index,float64,9,0,0.0,9,0.02,0.38,0.242,0.3,0.134,False,False
lend_benchmark_polar_sites.csv,weh_wt_pct,float64,9,0,0.0,9,0.08,5.4,2.873,3.6,2.16,False,False
lend_benchmark_polar_sites.csv,weh_ppm,int64,9,0,0.0,9,80.0,5400.0,2873.556,3600.0,2159.561,False,False
lend_benchmark_polar_sites.csv,water_ice_probability,float64,9,0,0.0,9,0.05,0.96,0.659,0.85,0.356,False,False
lend_benchmark_polar_sites.csv,volatiles_class,object,9,0,0.0,7,N/A,N/A,N/A,N/A,N/A,False,True
lend_benchmark_polar_sites.csv,lend_instrument_notes,object,9,0,0.0,9,N/A,N/A,N/A,N/A,N/A,False,False
lend_hydrogen_ice_dataset.csv,sample_id,object,5000,0,0.0,5000,N/A,N/A,N/A,N/A,N/A,False,False
lend_hydrogen_ice_dataset.csv,latitude_deg,float64,5000,0,0.0,4930,-90.0,79.64,-64.065,-83.335,43.014,True,False
lend_hydrogen_ice_dataset.csv,longitude_deg,float64,5000,0,0.0,4998,-179.981,179.822,-3.065,-5.05,102.822,True,False
lend_hydrogen_ice_dataset.csv,lend_epithermal_cps,float64,5000,0,0.0,175,2.7,4.8,3.996,3.95,0.403,False,False
lend_hydrogen_ice_dataset.csv,neutron_suppression_index,float64,5000,0,0.0,318,0.0,0.419,0.142,0.15,0.084,False,False
lend_hydrogen_ice_dataset.csv,weh_wt_pct,float64,5000,0,0.0,330,0.05,5.79,1.106,0.98,0.934,False,False
lend_hydrogen_ice_dataset.csv,weh_ppm,int64,5000,0,0.0,330,50.0,5790.0,1106.412,980.0,934.185,False,False
lend_hydrogen_ice_dataset.csv,water_ice_probability,float64,5000,0,0.0,544,0.009,0.98,0.269,0.264,0.19,False,False
lend_hydrogen_ice_dataset.csv,is_cold_trap,int64,5000,0,0.0,2,0.0,1.0,0.032,0.0,0.177,False,False
lro_illumination_benchmark_sites.csv,node_id,object,8,0,0.0,8,N/A,N/A,N/A,N/A,N/A,False,False
lro_illumination_benchmark_sites.csv,name,object,8,0,0.0,8,N/A,N/A,N/A,N/A,N/A,False,False
lro_illumination_benchmark_sites.csv,latitude_deg,float64,8,0,0.0,8,-89.9,-84.9,-87.906,-88.3,1.769,True,False
lro_illumination_benchmark_sites.csv,longitude_deg,float64,8,0,0.0,8,-35.5,271.0,76.047,30.15,111.083,True,False
lro_illumination_benchmark_sites.csv,annual_illumination_pct,float64,8,0,0.0,7,0.0,91.5,63.387,81.7,39.332,False,False
lro_illumination_benchmark_sites.csv,sunlight_hours_yr,int64,8,0,0.0,7,0.0,8015.0,5552.5,7156.5,3445.294,False,False
lro_illumination_benchmark_sites.csv,max_continuous_sunlight_hrs,int64,8,0,0.0,7,0.0,1720.0,1138.75,1435.0,714.392,False,False
lro_illumination_benchmark_sites.csv,max_continuous_darkness_hrs,int64,8,0,0.0,7,52.0,8760.0,2250.625,91.5,4017.713,False,False
lro_illumination_benchmark_sites.csv,psr_flag,int64,8,0,0.0,2,0.0,1.0,0.25,0.0,0.463,False,False
lro_illumination_benchmark_sites.csv,direct_earth_vis_pct,float64,8,0,0.0,7,0.0,95.0,61.75,77.0,38.73,False,False
lro_illumination_benchmark_sites.csv,solar_energy_yield_kwh_m2_yr,int64,8,0,0.0,7,0.0,10900.0,7551.25,9735.0,4685.523,False,False
lro_illumination_benchmark_sites.csv,lighting_regime,object,8,0,0.0,7,N/A,N/A,N/A,N/A,N/A,False,False
lro_illumination_benchmark_sites.csv,solar_suitability,object,8,0,0.0,8,N/A,N/A,N/A,N/A,N/A,False,True
lro_illumination_polar_dataset.csv,sample_id,object,5000,0,0.0,5000,N/A,N/A,N/A,N/A,N/A,False,False
lro_illumination_polar_dataset.csv,latitude_deg,float64,5000,0,0.0,4922,-90.0,79.64,-68.209,-83.752,39.484,True,False
lro_illumination_polar_dataset.csv,longitude_deg,float64,5000,0,0.0,4998,-179.981,179.822,-3.065,-5.05,102.822,True,False
lro_illumination_polar_dataset.csv,annual_illumination_pct,float64,5000,0,0.0,868,0.0,93.0,45.104,49.2,24.648,False,False
lro_illumination_polar_dataset.csv,sunlight_hours_yr,int64,5000,0,0.0,868,0.0,8147.0,3951.14,4310.0,2159.183,False,False
lro_illumination_polar_dataset.csv,max_continuous_sunlight_hrs,int64,5000,0,0.0,954,0.0,1849.0,549.775,499.0,441.859,False,False
lro_illumination_polar_dataset.csv,max_continuous_darkness_hrs,int64,5000,0,0.0,611,30.0,8760.0,755.394,514.0,1518.643,False,False
lro_illumination_polar_dataset.csv,psr_flag,int64,5000,0,0.0,2,0.0,1.0,0.034,0.0,0.182,False,False
lro_illumination_polar_dataset.csv,direct_earth_visibility_pct,float64,5000,0,0.0,962,0.0,100.0,45.841,44.5,34.289,False,False
lro_illumination_polar_dataset.csv,solar_energy_yield_kwh_m2_yr,int64,5000,0,0.0,868,0.0,10644.0,5162.396,5631.0,2821.118,False,False
lroc_benchmark_sites_imagery.csv,node_id,object,7,0,0.0,7,N/A,N/A,N/A,N/A,N/A,False,False
lroc_benchmark_sites_imagery.csv,name,object,7,0,0.0,7,N/A,N/A,N/A,N/A,N/A,False,False
lroc_benchmark_sites_imagery.csv,latitude_deg,float64,7,0,0.0,7,-89.44,14.1,-72.55,-85.99,38.252,True,False
lroc_benchmark_sites_imagery.csv,longitude_deg,float64,7,0,0.0,7,-56.8,222.7,41.311,15.4,92.491,True,False
lroc_benchmark_sites_imagery.csv,lroc_wac_albedo,float64,7,0,0.0,7,0.095,0.192,0.163,0.18,0.037,False,False
lroc_benchmark_sites_imagery.csv,optical_maturation_omat,float64,7,0,0.0,7,0.158,0.245,0.182,0.165,0.033,False,False
lroc_benchmark_sites_imagery.csv,boulder_density_per_100m2,float64,7,0,0.0,7,0.4,3.8,1.4,0.8,1.248,False,False
lroc_benchmark_sites_imagery.csv,max_boulder_diameter_m,float64,7,0,0.0,7,0.8,5.2,2.057,1.2,1.673,False,False
lroc_benchmark_sites_imagery.csv,crater_density_per_km2,int64,7,0,0.0,7,28.0,88.0,49.857,42.0,20.579,False,False
lroc_benchmark_sites_imagery.csv,nac_submeter_coverage,int64,7,0,0.0,1,1.0,1.0,1.0,1.0,0.0,False,False
lroc_benchmark_sites_imagery.csv,lroc_target_nac_id,object,7,0,0.0,7,N/A,N/A,N/A,N/A,N/A,False,True
lroc_benchmark_sites_imagery.csv,morphology_class,object,7,0,0.0,7,N/A,N/A,N/A,N/A,N/A,False,True
lroc_benchmark_sites_imagery.csv,landing_hazard_risk,object,7,0,0.0,6,N/A,N/A,N/A,N/A,N/A,False,False
lroc_optical_morphology_dataset.csv,sample_id,object,5000,0,0.0,5000,N/A,N/A,N/A,N/A,N/A,False,False
lroc_optical_morphology_dataset.csv,latitude_deg,float64,5000,0,0.0,4930,-90.0,79.64,-64.065,-83.335,43.014,True,False
lroc_optical_morphology_dataset.csv,longitude_deg,float64,5000,0,0.0,4998,-179.981,179.822,-3.065,-5.05,102.822,True,False
lroc_optical_morphology_dataset.csv,lroc_wac_albedo,float64,5000,0,0.0,140,0.09,0.236,0.177,0.182,0.025,False,False
lroc_optical_morphology_dataset.csv,optical_maturation_omat,float64,5000,0,0.0,120,0.117,0.265,0.18,0.18,0.018,False,False
lroc_optical_morphology_dataset.csv,boulder_density_per_100m2,float64,5000,0,0.0,354,0.05,6.35,0.744,0.52,0.739,False,False
lroc_optical_morphology_dataset.csv,max_boulder_diameter_m,float64,5000,0,0.0,354,0.45,6.26,1.32,1.12,0.684,False,False
lroc_optical_morphology_dataset.csv,crater_density_per_km2,int64,5000,0,0.0,80,15.0,94.0,54.599,54.0,23.268,False,False
lroc_optical_morphology_dataset.csv,landing_hazard_index,float64,5000,0,0.0,598,0.066,0.98,0.308,0.302,0.128,False,False
lroc_optical_morphology_dataset.csv,nac_high_res_coverage,int64,5000,0,0.0,2,0.0,1.0,0.754,1.0,0.431,False,False
lunar_ml_training_dataset.csv,latitude_deg,float64,8000,0,0.0,1354,-90.05,14.192,-82.709,-82.841,8.125,True,False
lunar_ml_training_dataset.csv,longitude_deg,float64,8000,0,0.0,5053,-179.384,179.421,1.417,2.791,100.511,True,False
lunar_ml_training_dataset.csv,elevation_m,float64,8000,0,0.0,5206,-3843.358,5642.0,1008.748,1183.7,1127.936,False,False
lunar_ml_training_dataset.csv,slope_deg,float64,8000,0,0.0,1357,0.5,28.95,2.555,1.33,3.501,False,False
lunar_ml_training_dataset.csv,roughness_m,float64,8000,0,0.0,752,0.14,3.548,0.478,0.38,0.439,False,False
lunar_ml_training_dataset.csv,annual_illumination_pct,float64,8000,0,0.0,866,0.0,94.679,55.503,57.9,15.98,False,False
lunar_ml_training_dataset.csv,max_temp_k,float64,8000,0,0.0,1072,40.7,300.061,197.266,203.5,31.824,False,False
lunar_ml_training_dataset.csv,min_temp_k,float64,8000,0,0.0,1049,31.312,283.805,141.993,146.3,26.429,False,False
lunar_ml_training_dataset.csv,psr_flag,int64,8000,0,0.0,2,0.0,1.0,0.061,0.0,0.239,False,False
lunar_ml_training_dataset.csv,ice_prob,float64,8000,0,0.0,797,0.0,1.0,0.067,0.0,0.21,False,False
lunar_ml_training_dataset.csv,weh_wt_pct,float64,8000,0,0.0,801,0.0,5.596,0.519,0.22,1.038,False,False
lunar_ml_training_dataset.csv,radiation_msv_yr,float64,8000,0,0.0,1184,23.69,383.872,328.176,332.8,28.267,False,False
lunar_ml_training_dataset.csv,shielding_factor,float64,8000,0,0.0,858,0.103,0.956,0.213,0.198,0.087,False,False
lunar_ml_training_dataset.csv,earth_vis_pct,float64,8000,0,0.0,861,0.0,100.0,56.274,58.4,16.421,False,False
lunar_ml_training_dataset.csv,suitability_score,float64,8000,0,0.0,1792,4.64,98.427,54.15,53.62,10.732,False,True
lunar_ml_training_dataset.csv,zone_class,object,8000,0,0.0,6,N/A,N/A,N/A,N/A,N/A,False,True
lunar_south_pole_grid.csv,point_id,object,10000,0,0.0,10000,N/A,N/A,N/A,N/A,N/A,False,False
lunar_south_pole_grid.csv,grid_x_km,float64,10000,0,0.0,100,-280.0,280.0,0.0,0.0,163.291,False,False
lunar_south_pole_grid.csv,grid_y_km,float64,10000,0,0.0,100,-280.0,280.0,-0.0,0.0,163.291,False,False
lunar_south_pole_grid.csv,latitude_deg,float64,10000,0,0.0,758,-89.868,-80.0,-82.995,-82.557,2.46,True,False
lunar_south_pole_grid.csv,longitude_deg,float64,10000,0,0.0,8028,-179.421,179.421,0.0,0.0,103.405,True,False
lunar_south_pole_grid.csv,elevation_m,float64,10000,0,0.0,7923,-3832.3,6090.4,1076.464,1176.7,858.165,False,False
lunar_south_pole_grid.csv,slope_deg,float64,10000,0,0.0,1030,0.5,28.95,2.09,1.24,2.867,False,False
lunar_south_pole_grid.csv,roughness_m,float64,10000,0,0.0,169,0.14,2.16,0.398,0.36,0.219,False,False
lunar_south_pole_grid.csv,annual_illumination_pct,float64,10000,0,0.0,412,0.0,93.5,55.304,57.7,12.959,False,False
lunar_south_pole_grid.csv,max_temp_k,float64,10000,0,0.0,642,40.4,230.1,197.735,203.3,27.089,False,False
lunar_south_pole_grid.csv,min_temp_k,float64,10000,0,0.0,591,35.0,174.8,142.23,146.1,19.52,False,False
lunar_south_pole_grid.csv,psr_flag,int64,10000,0,0.0,2,0.0,1.0,0.043,0.0,0.202,False,False
lunar_south_pole_grid.csv,ice_prob,float64,10000,0,0.0,337,0.0,0.949,0.02,0.0,0.111,False,False
lunar_south_pole_grid.csv,weh_wt_pct,float64,10000,0,0.0,306,0.05,5.23,0.304,0.21,0.586,False,False
lunar_south_pole_grid.csv,radiation_msv_yr,float64,10000,0,0.0,638,278.9,347.5,329.443,332.1,15.521,False,False
lunar_south_pole_grid.csv,shielding_factor,float64,10000,0,0.0,271,0.132,0.409,0.205,0.194,0.063,False,False
lunar_south_pole_grid.csv,earth_vis_pct,float64,10000,0,0.0,408,0.0,99.0,55.729,58.0,13.004,False,False
lunar_south_pole_grid.csv,suitability_score,float64,10000,0,0.0,1628,4.36,67.12,51.936,53.48,6.358,False,True
lunar_south_pole_grid.csv,zone_class,object,10000,0,0.0,6,N/A,N/A,N/A,N/A,N/A,False,True
official_23_lunar_sites.csv,node_id,object,23,0,0.0,23,N/A,N/A,N/A,N/A,N/A,False,False
official_23_lunar_sites.csv,node_name,object,23,0,0.0,23,N/A,N/A,N/A,N/A,N/A,False,False
official_23_lunar_sites.csv,latitude_deg,float64,23,0,0.0,22,-89.9,26.132,-57.315,-84.9,44.029,True,False
official_23_lunar_sites.csv,longitude_deg,float64,23,0,0.0,23,0.0,354.9,133.0,53.5,137.268,True,False
official_23_lunar_sites.csv,elevation_m,int64,23,0,0.0,23,-4100.0,6100.0,1584.348,3200.0,3071.696,False,False
official_23_lunar_sites.csv,slope_deg,float64,23,0,0.0,20,2.6,8.4,5.339,5.1,1.723,False,False
official_23_lunar_sites.csv,roughness_m,float64,23,0,0.0,16,6.5,14.0,9.717,9.5,2.204,False,False
official_23_lunar_sites.csv,local_relief_m,int64,23,0,0.0,23,1380.0,7300.0,4278.261,4600.0,1467.368,False,False
official_23_lunar_sites.csv,annual_illumination_pct,float64,23,0,0.0,14,50.0,86.0,64.348,64.0,13.773,False,False
official_23_lunar_sites.csv,sunlight_hours_yr,int64,23,0,0.0,15,4250.0,7550.0,5611.739,5600.0,1231.221,False,False
official_23_lunar_sites.csv,continuous_sunlight_hrs,int64,23,0,0.0,15,354.0,1760.0,1008.957,1160.0,572.967,False,False
official_23_lunar_sites.csv,continuous_darkness_hrs,int64,23,0,0.0,15,52.0,354.0,206.435,166.0,125.665,False,False
official_23_lunar_sites.csv,psr_flag,int64,23,0,0.0,2,0.0,1.0,0.609,1.0,0.499,False,False
official_23_lunar_sites.csv,ice_prob,float64,23,0,0.0,15,0.0,0.81,0.364,0.43,0.325,False,False
official_23_lunar_sites.csv,weh_ppm,int64,23,0,0.0,23,65.0,502.0,259.435,268.0,158.707,False,False
official_23_lunar_sites.csv,weh_wt_pct,float64,23,0,0.0,15,0.04,0.436,0.212,0.234,0.156,False,False
official_23_lunar_sites.csv,lend_neutron_cps,float64,23,0,0.0,23,3.1,5.3,4.2,4.2,0.678,False,False
official_23_lunar_sites.csv,max_temp_k,float64,23,0,0.0,2,220.0,384.0,284.174,220.0,81.838,False,False
official_23_lunar_sites.csv,min_temp_k,float64,23,0,0.0,2,38.0,100.0,62.261,38.0,30.939,False,False
official_23_lunar_sites.csv,temp_range_k,float64,23,0,0.0,2,182.0,284.0,221.913,182.0,50.899,False,False
official_23_lunar_sites.csv,shielding_factor,float64,23,0,0.0,20,0.164,0.197,0.18,0.178,0.01,False,False
official_23_lunar_sites.csv,radiation_msv_yr,float64,23,0,0.0,20,294.8,299.0,297.004,297.2,1.232,False,False
official_23_lunar_sites.csv,earth_vis_pct,float64,23,0,0.0,20,29.8,100.0,73.126,73.6,20.628,False,False
official_23_lunar_sites.csv,plagioclase_pct,float64,23,0,0.0,2,32.0,78.0,52.0,32.0,23.316,False,False
official_23_lunar_sites.csv,pyroxene_pct,float64,23,0,0.0,2,14.0,38.0,27.565,38.0,12.165,False,False
official_23_lunar_sites.csv,ilmenite_tio2_pct,float64,23,0,0.0,2,0.45,11.2,2.787,0.45,4.534,False,False
official_23_lunar_sites.csv,feo_pct,float64,23,0,0.0,2,4.2,18.5,7.309,4.2,6.031,False,False
official_23_lunar_sites.csv,regolith_depth_m,float64,23,0,0.0,10,2.5,6.1,5.004,5.9,1.434,False,False
official_23_lunar_sites.csv,nearest_crater_km,float64,23,0,0.0,23,0.2,2.5,1.304,1.3,0.686,False,False
official_23_lunar_sites.csv,crater_diameter_km,float64,23,0,0.0,23,18.5,95.5,57.0,57.0,23.738,False,False
official_23_lunar_sites.csv,suitability_score,float64,23,0,0.0,23,67.8,91.7,79.887,79.9,7.439,False,True
official_23_lunar_sites.csv,zone_class,object,23,0,0.0,4,N/A,N/A,N/A,N/A,N/A,False,True
official_23_sites_lola_118m_enriched.csv,node_id,object,23,0,0.0,23,N/A,N/A,N/A,N/A,N/A,False,False
official_23_sites_lola_118m_enriched.csv,node_name,object,23,0,0.0,23,N/A,N/A,N/A,N/A,N/A,False,False
official_23_sites_lola_118m_enriched.csv,latitude_deg,float64,23,0,0.0,22,-89.9,26.132,-57.315,-84.9,44.029,True,False
official_23_sites_lola_118m_enriched.csv,longitude_deg,float64,23,0,0.0,23,0.0,354.9,133.0,53.5,137.268,True,False
official_23_sites_lola_118m_enriched.csv,elevation_m,int64,23,0,0.0,23,-4100.0,6100.0,1584.348,3200.0,3071.696,False,False
official_23_sites_lola_118m_enriched.csv,slope_deg,float64,23,0,0.0,20,2.6,8.4,5.339,5.1,1.723,False,False
official_23_sites_lola_118m_enriched.csv,roughness_m,float64,23,0,0.0,16,6.5,14.0,9.717,9.5,2.204,False,False
official_23_sites_lola_118m_enriched.csv,local_relief_m,int64,23,0,0.0,23,1380.0,7300.0,4278.261,4600.0,1467.368,False,False
official_23_sites_lola_118m_enriched.csv,annual_illumination_pct,float64,23,0,0.0,14,50.0,86.0,64.348,64.0,13.773,False,False
official_23_sites_lola_118m_enriched.csv,sunlight_hours_yr,int64,23,0,0.0,15,4250.0,7550.0,5611.739,5600.0,1231.221,False,False
official_23_sites_lola_118m_enriched.csv,continuous_sunlight_hrs,int64,23,0,0.0,15,354.0,1760.0,1008.957,1160.0,572.967,False,False
official_23_sites_lola_118m_enriched.csv,continuous_darkness_hrs,int64,23,0,0.0,15,52.0,354.0,206.435,166.0,125.665,False,False
official_23_sites_lola_118m_enriched.csv,psr_flag,int64,23,0,0.0,2,0.0,1.0,0.609,1.0,0.499,False,False
official_23_sites_lola_118m_enriched.csv,ice_prob,float64,23,0,0.0,15,0.0,0.81,0.364,0.43,0.325,False,False
official_23_sites_lola_118m_enriched.csv,weh_ppm,int64,23,0,0.0,23,65.0,502.0,259.435,268.0,158.707,False,False
official_23_sites_lola_118m_enriched.csv,weh_wt_pct,float64,23,0,0.0,15,0.04,0.436,0.212,0.234,0.156,False,False
official_23_sites_lola_118m_enriched.csv,lend_neutron_cps,float64,23,0,0.0,23,3.1,5.3,4.2,4.2,0.678,False,False
official_23_sites_lola_118m_enriched.csv,max_temp_k,float64,23,0,0.0,2,220.0,384.0,284.174,220.0,81.838,False,False
official_23_sites_lola_118m_enriched.csv,min_temp_k,float64,23,0,0.0,2,38.0,100.0,62.261,38.0,30.939,False,False
official_23_sites_lola_118m_enriched.csv,temp_range_k,float64,23,0,0.0,2,182.0,284.0,221.913,182.0,50.899,False,False
official_23_sites_lola_118m_enriched.csv,shielding_factor,float64,23,0,0.0,20,0.164,0.197,0.18,0.178,0.01,False,False
official_23_sites_lola_118m_enriched.csv,radiation_msv_yr,float64,23,0,0.0,20,294.8,299.0,297.004,297.2,1.232,False,False
official_23_sites_lola_118m_enriched.csv,earth_vis_pct,float64,23,0,0.0,20,29.8,100.0,73.126,73.6,20.628,False,False
official_23_sites_lola_118m_enriched.csv,plagioclase_pct,float64,23,0,0.0,2,32.0,78.0,52.0,32.0,23.316,False,False
official_23_sites_lola_118m_enriched.csv,pyroxene_pct,float64,23,0,0.0,2,14.0,38.0,27.565,38.0,12.165,False,False
official_23_sites_lola_118m_enriched.csv,ilmenite_tio2_pct,float64,23,0,0.0,2,0.45,11.2,2.787,0.45,4.534,False,False
official_23_sites_lola_118m_enriched.csv,feo_pct,float64,23,0,0.0,2,4.2,18.5,7.309,4.2,6.031,False,False
official_23_sites_lola_118m_enriched.csv,regolith_depth_m,float64,23,0,0.0,10,2.5,6.1,5.004,5.9,1.434,False,False
official_23_sites_lola_118m_enriched.csv,nearest_crater_km,float64,23,0,0.0,23,0.2,2.5,1.304,1.3,0.686,False,False
official_23_sites_lola_118m_enriched.csv,crater_diameter_km,float64,23,0,0.0,23,18.5,95.5,57.0,57.0,23.738,False,False
official_23_sites_lola_118m_enriched.csv,suitability_score,float64,23,0,0.0,23,67.8,91.7,79.887,79.9,7.439,False,True
official_23_sites_lola_118m_enriched.csv,zone_class,object,23,0,0.0,4,N/A,N/A,N/A,N/A,N/A,False,True
official_23_sites_ml_ready.csv,node_id,object,23,0,0.0,23,N/A,N/A,N/A,N/A,N/A,False,False
official_23_sites_ml_ready.csv,node_name,object,23,0,0.0,23,N/A,N/A,N/A,N/A,N/A,False,False
official_23_sites_ml_ready.csv,latitude_deg,float64,23,0,0.0,22,-89.9,26.132,-57.315,-84.9,44.029,True,False
official_23_sites_ml_ready.csv,longitude_deg,float64,23,0,0.0,23,0.0,354.9,133.0,53.5,137.268,True,False
official_23_sites_ml_ready.csv,elevation_m,int64,23,0,0.0,23,-4100.0,6100.0,1584.348,3200.0,3071.696,False,False
official_23_sites_ml_ready.csv,slope_deg,float64,23,0,0.0,20,2.6,8.4,5.339,5.1,1.723,False,False
official_23_sites_ml_ready.csv,roughness_m,float64,23,0,0.0,16,6.5,14.0,9.717,9.5,2.204,False,False
official_23_sites_ml_ready.csv,annual_illumination_pct,float64,23,0,0.0,14,50.0,86.0,64.348,64.0,13.773,False,False
official_23_sites_ml_ready.csv,max_temp_k,float64,23,0,0.0,2,220.0,384.0,284.174,220.0,81.838,False,False
official_23_sites_ml_ready.csv,min_temp_k,float64,23,0,0.0,2,38.0,100.0,62.261,38.0,30.939,False,False
official_23_sites_ml_ready.csv,psr_flag,int64,23,0,0.0,2,0.0,1.0,0.609,1.0,0.499,False,False
official_23_sites_ml_ready.csv,ice_prob,float64,23,0,0.0,15,0.0,0.81,0.364,0.43,0.325,False,False
official_23_sites_ml_ready.csv,weh_wt_pct,float64,23,0,0.0,15,0.04,0.436,0.212,0.234,0.156,False,False
official_23_sites_ml_ready.csv,radiation_msv_yr,float64,23,0,0.0,20,294.8,299.0,297.004,297.2,1.232,False,False
official_23_sites_ml_ready.csv,shielding_factor,float64,23,0,0.0,20,0.164,0.197,0.18,0.178,0.01,False,False
official_23_sites_ml_ready.csv,earth_vis_pct,float64,23,0,0.0,20,29.8,100.0,73.126,73.6,20.628,False,False
official_23_sites_ml_ready.csv,suitability_score,float64,23,0,0.0,23,67.8,91.7,79.887,79.9,7.439,False,True
official_23_sites_ml_ready.csv,zone_class,object,23,0,0.0,4,N/A,N/A,N/A,N/A,N/A,False,True
pds_benchmark_sites_geochemistry.csv,node_id,object,5,0,0.0,5,N/A,N/A,N/A,N/A,N/A,False,False
pds_benchmark_sites_geochemistry.csv,name,object,5,0,0.0,5,N/A,N/A,N/A,N/A,N/A,False,False
pds_benchmark_sites_geochemistry.csv,latitude_deg,float64,5,0,0.0,5,-89.28,14.1,-66.642,-85.99,45.165,True,False
pds_benchmark_sites_geochemistry.csv,longitude_deg,float64,5,0,0.0,5,-56.8,76.98,2.596,12.9,51.919,True,False
pds_benchmark_sites_geochemistry.csv,plagioclase_anorthosite_pct,float64,5,0,0.0,5,22.0,78.5,49.0,34.5,27.109,False,False
pds_benchmark_sites_geochemistry.csv,pyroxene_pct,float64,5,0,0.0,4,14.0,52.0,30.8,36.0,16.529,False,False
pds_benchmark_sites_geochemistry.csv,olivine_pct,float64,5,0,0.0,5,3.5,12.0,7.0,7.5,3.446,False,False
pds_benchmark_sites_geochemistry.csv,ilmenite_tio2_pct,float64,5,0,0.0,3,0.45,6.8,1.73,0.45,2.834,False,False
pds_benchmark_sites_geochemistry.csv,feo_iron_oxide_pct,float64,5,0,0.0,3,4.2,18.5,7.12,4.2,6.363,False,False
pds_benchmark_sites_geochemistry.csv,thorium_ppm,float64,5,0,0.0,5,1.1,4.8,2.0,1.4,1.573,False,False
pds_benchmark_sites_geochemistry.csv,m3_3um_h2o_band_depth,float64,5,0,0.0,5,0.012,0.188,0.104,0.082,0.072,False,False
pds_benchmark_sites_geochemistry.csv,regolith_depth_m,float64,5,0,0.0,5,4.5,7.2,5.94,6.0,0.961,False,False
pds_benchmark_sites_geochemistry.csv,isru_oxygen_potential_pct,float64,5,0,0.0,5,41.5,44.5,43.6,44.0,1.202,False,False
pds_benchmark_sites_geochemistry.csv,geologic_unit,object,5,0,0.0,5,N/A,N/A,N/A,N/A,N/A,False,False
pds_benchmark_sites_geochemistry.csv,isru_industrial_utility,object,5,0,0.0,5,N/A,N/A,N/A,N/A,N/A,False,False
pds_geochemistry_mineralogy_dataset.csv,sample_id,object,5000,0,0.0,5000,N/A,N/A,N/A,N/A,N/A,False,False
pds_geochemistry_mineralogy_dataset.csv,latitude_deg,float64,5000,0,0.0,4930,-90.0,79.64,-64.065,-83.335,43.014,True,False
pds_geochemistry_mineralogy_dataset.csv,longitude_deg,float64,5000,0,0.0,4998,-179.981,179.822,-3.065,-5.05,102.822,True,False
pds_geochemistry_mineralogy_dataset.csv,m3_plagioclase_pct,float64,5000,0,0.0,456,15.0,89.5,71.596,74.7,12.58,False,False
pds_geochemistry_mineralogy_dataset.csv,m3_pyroxene_pct,float64,5000,0,0.0,457,5.0,64.8,18.499,16.4,9.294,False,False
pds_geochemistry_mineralogy_dataset.csv,m3_olivine_pct,float64,5000,0,0.0,78,5.5,20.0,9.529,9.1,2.601,False,False
pds_geochemistry_mineralogy_dataset.csv,ilmenite_tio2_pct,float64,5000,0,0.0,305,0.1,10.96,0.716,0.46,1.22,False,False
pds_geochemistry_mineralogy_dataset.csv,feo_iron_oxide_pct,float64,5000,0,0.0,661,1.55,22.0,4.827,4.25,2.851,False,False
pds_geochemistry_mineralogy_dataset.csv,thorium_ppm,float64,5000,0,0.0,356,0.4,7.32,1.264,1.12,0.79,False,False
pds_geochemistry_mineralogy_dataset.csv,m3_3um_h2o_band_depth,float64,5000,0,0.0,216,0.002,0.22,0.077,0.064,0.056,False,False
pds_geochemistry_mineralogy_dataset.csv,regolith_depth_m,float64,5000,0,0.0,77,2.0,10.3,5.791,5.8,1.193,False,False
pds_geochemistry_mineralogy_dataset.csv,isru_oxygen_potential_pct,float64,5000,0,0.0,44,40.7,45.0,43.506,43.6,0.601,False,False
